,topic numbers,Lesson(s) Learned,Driving Event,Recommendation(s)
0,average score,0.520665972083807,0.4191036983579397,0.5261032760888338
1,std dev,0.012767349061017527,0.047534779216557174,0.043442953293807235
2,0,0.5049988918006421,0.4092925861477852,0.5605546057224273
3,1,0.5240021631121635,0.3701102562248707,0.5612819295376539
4,2,0.5170976668596268,0.438588260859251,0.5597165778279305
5,3,0.51413604170084,0.37692324705421926,0.45785970240831375
6,4,0.5430950969457626,0.5006041415035725,0.4911035649478436
